Workbook

Sheet Monthly Data
A1: category | B1: month | C1: order_count | D1: total_revenue | E1: avg_revenue
A2: Bakery | B2: 2026-01 | C2: 6 | D2: 735 | E2: 122.5
A3: Bakery | B3: 2026-02 | C3: 8 | D3: 2440 | E3: 305
A4: Bakery | B4: 2026-03 | C4: 11 | D4: 3090 | E4: 280.90909
A5: Bakery | B5: 2026-04 | C5: 13 | D5: 3115 | E5: 239.61538
A6: Bakery | B6: 2026-05 | C6: 15 | D6: 3695 | E6: 246.33333
A7: Bakery | B7: 2026-06 | C7: 14 | D7: 2335 | E7: 166.78571
A8: Dairy & Eggs | B8: 2026-01 | C8: 9 | D8: 2035 | E8: 226.11111
A9: Dairy & Eggs | B9: 2026-02 | C9: 8 | D9: 1935 | E9: 241.875
A10: Dairy & Eggs | B10: 2026-03 | C10: 15 | D10: 3163 | E10: 210.86667
A11: Dairy & Eggs | B11: 2026-04 | C11: 9 | D11: 1650 | E11: 183.33333
A12: Dairy & Eggs | B12: 2026-05 | C12: 14 | D12: 3479 | E12: 248.5
A13: Dairy & Eggs | B13: 2026-06 | C13: 11 | D13: 1828 | E13: 166.18182
... A37: Snacks & Beverages | B37: 2026-06 | C37: 15 | D37: 1960 | E37: 130.66667

Sheet Category Targets
A1: category | B1: target_revenue_inr
A2: Fruits & Vegetables | B2: 12000
A3: Dairy & Eggs | B3: 16500
A4: Snacks & Beverages | B4: 13000
A5: Personal Care | B5: 15500
A6: Household Essentials | B6: 17000
A7: Bakery | B7: 12000

Sheet Pivot Table
A1: Filter
B3: Data
A4: category | B4: Sum - total_revenue | C4: Sum - order_count
A5: Bakery | B5: 15410 | C5: 67
A6: Dairy & Eggs | B6: 14090 | C6: 66
A7: Fruits & Vegetables | B7: 9790 | C7: 73
A8: Household Essentials | B8: 21715 | C8: 79
A9: Personal Care | B9: 16382 | C9: 66
A10: Snacks & Beverages | B10: 10895 | C10: 83
A11: Total Result | B11: 88282 | C11: 434

Sheet Category Summary
A1: category | B1: total_revenue | C1: order_count | D1: target_revenue_inr | E1: variance | F1: percentage_variance | G1: target_status | H1: sql_reference_total | I1: matches_part1_sql_total
A2: Bakery | B2: =VLOOKUP(A2,'Pivot Table'!A:C,2,FALSE) -> 15410 | C2: =VLOOKUP(A2,'Pivot Table'!A:C,3,FALSE) -> 67 | D2: =XLOOKUP(A2,'Category Targets'!A:A,'Category Targets'!B:B,"Not Found") -> 12000 | E2: =D2-B2 -> -3410 | F2: =((B2-D2)*100)/D2 -> 28.416667 | G2: =IF(B2>=D2,"Above Target",IF(((D2-B2)*100/D2)<=15,"Below Target - Watch","Below Target - Critical")) -> Above Target | H2: 15410 | I2: =IF(B2=H2,"Yes","No") -> Yes
A3: Dairy & Eggs | B3: =VLOOKUP(A3,'Pivot Table'!A:C,2,FALSE) -> 14090 | C3: =VLOOKUP(A3,'Pivot Table'!A:C,3,FALSE) -> 66 | D3: =XLOOKUP(A3,'Category Targets'!A:A,'Category Targets'!B:B,"Not Found") -> 16500 | E3: =D3-B3 -> 2410 | F3: =((B3-D3)*100)/D3 -> -14.606061 | G3: =IF(B3>=D3,"Above Target",IF(((D3-B3)*100/D3)<=15,"Below Target - Watch","Below Target - Critical")) -> Below Target - Watch | H3: 14090 | I3: =IF(B3=H3,"Yes","No") -> Yes
A4: Fruits & Vegetables | B4: =VLOOKUP(A4,'Pivot Table'!A:C,2,FALSE) -> 9790 | C4: =VLOOKUP(A4,'Pivot Table'!A:C,3,FALSE) -> 73 | D4: =XLOOKUP(A4,'Category Targets'!A:A,'Category Targets'!B:B,"Not Found") -> 12000 | E4: =D4-B4 -> 2210 | F4: =((B4-D4)*100)/D4 -> -18.416667 | G4: =IF(B4>=D4,"Above Target",IF(((D4-B4)*100/D4)<=15,"Below Target - Watch","Below Target - Critical")) -> Below Target - Critical | H4: 9790 | I4: =IF(B4=H4,"Yes","No") -> Yes
A5: Household Essentials | B5: =VLOOKUP(A5,'Pivot Table'!A:C,2,FALSE) -> 21715 | C5: =VLOOKUP(A5,'Pivot Table'!A:C,3,FALSE) -> 79 | D5: =XLOOKUP(A5,'Category Targets'!A:A,'Category Targets'!B:B,"Not Found") -> 17000 | E5: =D5-B5 -> -4715 | F5: =((B5-D5)*100)/D5 -> 27.735294 | G5: =IF(B5>=D5,"Above Target",IF(((D5-B5)*100/D5)<=15,"Below Target - Watch","Below Target - Critical")) -> Above Target | H5: 21715 | I5: =IF(B5=H5,"Yes","No") -> Yes
A6: Personal Care | B6: =VLOOKUP(A6,'Pivot Table'!A:C,2,FALSE) -> 16382 | C6: =VLOOKUP(A6,'Pivot Table'!A:C,3,FALSE) -> 66 | D6: =XLOOKUP(A6,'Category Targets'!A:A,'Category Targets'!B:B,"Not Found") -> 15500 | E6: =D6-B6 -> -882 | F6: =((B6-D6)*100)/D6 -> 5.6903226 | G6: =IF(B6>=D6,"Above Target",IF(((D6-B6)*100/D6)<=15,"Below Target - Watch","Below Target - Critical")) -> Above Target | H6: 16382 | I6: =IF(B6=H6,"Yes","No") -> Yes
A7: Snacks & Beverages | B7: =VLOOKUP(A7,'Pivot Table'!A:C,2,FALSE) -> 10895 | C7: =VLOOKUP(A7,'Pivot Table'!A:C,3,FALSE) -> 83 | D7: =XLOOKUP(A7,'Category Targets'!A:A,'Category Targets'!B:B,"Not Found") -> 13000 | E7: =D7-B7 -> 2105 | F7: =((B7-D7)*100)/D7 -> -16.192308 | G7: =IF(B7>=D7,"Above Target",IF(((D7-B7)*100/D7)<=15,"Below Target - Watch","Below Target - Critical")) -> Below Target - Critical | H7: 10895 | I7: =IF(B7=H7,"Yes","No") -> Yes
